,Location,Data
0,-5.0,0.005757848058696909
1,-3.888888888888889,0.036108857987969235
2,-2.7777777777777777,0.06457912824959093
3,-1.6666666666666665,0.1463202457174825
4,-0.5555555555555554,0.8964367658048334
5,0.5555555555555554,0.8932436851903802
6,1.666666666666667,0.2803176365773775
7,2.7777777777777786,0.03617812696557859
8,3.8888888888888893,-0.0645153475772103
9,5.0,0.008887302185319886
